backend,variant,N,level,batch,footprint_MiB,mode,gflops_med,gflops_q1,gflops_q3,us_per_fft,gbps,relL2
ours,onepass8192,8192,L2,8,1.000,hot,733.37,731.56,734.11,0.7261,180.52,3.60e-07
ours,onepass8192,8192,L2,8,1.000,cold,308.87,283.20,321.50,1.7240,76.03,3.60e-07
mpsgraph,MPSGraph,8192,L2,8,1.000,hot,469.95,466.17,472.05,1.1331,115.68,5.29e-07
mpsgraph,MPSGraph,8192,L2,8,1.000,cold,210.80,204.06,215.23,2.5260,51.89,5.29e-07
ours,onepass8192,8192,SLC,64,8.000,hot,793.97,778.76,797.55,0.6707,195.44,3.60e-07
ours,onepass8192,8192,SLC,64,8.000,cold,407.52,402.31,414.12,1.3066,100.31,3.60e-07
mpsgraph,MPSGraph,8192,SLC,64,8.000,hot,534.83,526.69,539.73,0.9956,131.65,5.29e-07
mpsgraph,MPSGraph,8192,SLC,64,8.000,cold,321.50,309.81,325.33,1.6562,79.14,5.29e-07
ours,onepass8192,8192,DRAM,2048,256.000,hot,604.44,596.70,615.94,0.8809,148.79,3.60e-07
ours,onepass8192,8192,DRAM,2048,256.000,cold,594.17,592.28,595.67,0.8962,146.26,3.60e-07
mpsgraph,MPSGraph,8192,DRAM,2048,256.000,hot,257.35,255.29,259.01,2.0691,63.35,5.29e-07
mpsgraph,MPSGraph,8192,DRAM,2048,256.000,cold,254.10,250.89,255.09,2.0955,62.55,5.29e-07
ours,onepass16384,16384,L2,4,1.000,hot,220.40,220.28,220.61,5.2036,50.38,4.73e-07
ours,onepass16384,16384,L2,4,1.000,cold,164.57,163.35,165.07,6.9688,37.62,4.73e-07
ours,fourstep16384_b(2 pass),16384,L2,4,1.000,hot,708.54,707.54,708.83,1.6187,161.95,3.31e-07
ours,fourstep16384_b(2 pass),16384,L2,4,1.000,cold,324.78,322.88,325.74,3.5312,74.24,3.31e-07
mpsgraph,MPSGraph,16384,L2,4,1.000,hot,805.21,804.66,806.32,1.4243,184.05,3.82e-07
mpsgraph,MPSGraph,16384,L2,4,1.000,cold,342.99,342.99,344.06,3.3437,78.40,3.82e-07
ours,onepass16384,16384,SLC,32,8.000,hot,484.29,482.27,485.36,2.3682,110.70,4.73e-07
ours,onepass16384,16384,SLC,32,8.000,cold,320.64,317.29,321.34,3.5768,73.29,4.73e-07
ours,fourstep16384_b(2 pass),16384,SLC,32,8.000,hot,572.09,557.65,574.75,2.0047,130.76,3.31e-07
ours,fourstep16384_b(2 pass),16384,SLC,32,8.000,cold,213.53,212.14,215.51,5.3711,48.81,3.31e-07
mpsgraph,MPSGraph,16384,SLC,32,8.000,hot,596.90,583.56,605.10,1.9214,136.43,3.82e-07
mpsgraph,MPSGraph,16384,SLC,32,8.000,cold,332.88,329.15,337.09,3.4453,76.09,3.82e-07
ours,onepass16384,16384,DRAM,1024,256.000,hot,545.63,529.97,549.31,2.1019,124.72,4.73e-07
ours,onepass16384,16384,DRAM,1024,256.000,cold,547.16,521.03,556.10,2.0961,125.06,4.73e-07
ours,fourstep16384_b(2 pass),16384,DRAM,1024,256.000,hot,310.81,301.87,312.72,3.6899,71.04,3.31e-07
ours,fourstep16384_b(2 pass),16384,DRAM,1024,256.000,cold,307.05,303.39,308.24,3.7351,70.18,3.31e-07
mpsgraph,MPSGraph,16384,DRAM,1024,256.000,hot,299.98,295.91,301.74,3.8232,68.57,3.82e-07
mpsgraph,MPSGraph,16384,DRAM,1024,256.000,cold,296.02,292.23,297.86,3.8743,67.66,3.82e-07
